id,Background,Aura,Back,Body,Clothes,Eyes,Mouth,Face,Head,Items,rarity_score,rank,tier
1,Sky,None,Cape,Brown,Sweater,Happy,Smile,Blush,None,Balloon,47.2,84,Common
2,Peach,None,None,Pink,None,Dots,Flat,Paint,Beanie,Balloon,50.1,75,Common
3,Gold,None,Wings,Brown,None,Dots,Smile,Freckles,None,Heart,52.68,66,Common
4,Sunset,None,None,Brown,None,Dots,Flat,None,None,Flower,41.02,98,Common
5,Mint,None,Cape,Grey,None,Wink,Open,Bandage,Flowers,None,62.78,46,Common
6,Gold,None,None,Pink,None,Happy,Smile,Blush,Flowers,Heart,52.33,70,Common
7,Candy,None,Cape,Grey,Overalls,Happy,Tongue,Paint,Cap,Flower,77.86,20,Rare
8,Peach,Sparkles,Cape,Galaxy,Bowtie,Dots,Open,Blush,None,Heart,99.46,1,Legendary
9,Peach,None,None,Pink,None,Dots,Open,Bandage,None,Balloon,46.07,87,Common
10,Peach,None,None,Cream,Overalls,Dots,Smile,None,Cap,Heart,48.99,78,Common
11,Night,None,None,Grey,Scarf,Dots,Grin,Freckles,Crown,Lollipop,81.95,11,Rare
12,Mint,None,None,Grey,None,Dots,Smile,None,None,None,30.43,99,Common
13,Peach,None,None,Cream,None,Heart,Flat,None,None,Balloon,45.96,89,Common
14,Sky,None,Wings,Galaxy,Sweater,Happy,Smile,None,None,None,86.16,6,Rare
15,Candy,None,None,Gold,Sweater,Dots,Open,None,Beanie,Wand,67.37,35,Common
16,Candy,None,None,Cream,None,Sunglasses,Open,Freckles,None,None,52.05,72,Common
17,Candy,Rainbow,Wings,Pink,Bowtie,Sleepy,Smile,Blush,Cap,None,82.35,9,Rare
18,Peach,None,None,Grey,Tuxedo,Happy,Grin,Paint,Wizard,Balloon,78.5,17,Rare
19,Sky,None,None,Brown,Overalls,Heart,Tongue,Blush,Party,Lollipop,80.02,15,Rare
20,Peach,None,Wings,Pink,Scarf,Happy,Smile,Freckles,None,Lollipop,63.7,43,Common
21,Peach,Sparkles,Wings,Grey,Hoodie,Wink,Smile,None,Halo,Flower,89.36,3,Epic
22,Mint,Glow,None,Panda,Bowtie,Dots,Smile,None,None,Flower,66.06,40,Common
23,Mint,None,None,Brown,Sweater,Dots,Smile,Freckles,None,Heart,41.61,97,Common
24,Lavender,None,None,Cream,Overalls,Sunglasses,Smile,Blush,None,None,59.69,49,Common
25,Lavender,None,None,Pink,Tuxedo,Happy,Flat,Blush,Beanie,Flower,74.96,24,Common
26,Mint,None,None,Gold,Scarf,Heart,Grin,None,Beanie,Wand,87.29,5,Epic
27,Candy,None,None,Cream,None,Dots,Smile,Blush,Flowers,Gift,44.9,92,Common
28,Peach,Sparkles,Cape,Brown,Bowtie,Star,Smile,Paint,Cap,Heart,87.53,4,Epic
29,Gold,Sparkles,None,Cream,Sweater,Happy,Smile,None,Flowers,None,55.76,59,Common
30,Sunset,None,None,Cream,Overalls,Wink,Smile,Paint,Flowers,Wand,71.93,28,Common
31,Peach,None,None,Pink,Hoodie,Dots,Open,Bandage,Crown,None,57.51,56,Common
32,Peach,Glow,None,Grey,None,Dots,Flat,None,None,Wand,54.91,63,Common
33,Sunset,Sparkles,None,Panda,None,Heart,Open,None,Beanie,Gift,80.64,13,Rare
34,Sky,None,None,Brown,None,Dots,Smile,None,None,None,28.36,100,Common
35,Lavender,None,None,Brown,Hoodie,Dots,Smile,None,Flowers,Heart,48.36,79,Common
36,Peach,None,Wings,Brown,Bowtie,Happy,Open,Freckles,Cap,Heart,59.42,50,Common
37,Lavender,Rainbow,None,Pink,Scarf,Sleepy,Open,None,None,None,78.09,19,Rare
38,Peach,Sparkles,None,Brown,None,Heart,Grin,Blush,None,None,52.62,68,Common
39,Sky,None,None,Cream,Hoodie,Star,Grin,Blush,None,Wand,76.12,22,Common
40,Sky,None,None,Cream,Sweater,Wink,Smile,Blush,None,None,44.94,91,Common
41,Peach,None,None,Brown,Hoodie,Dots,Flat,Blush,Flowers,Flower,49.88,76,Common
42,Lavender,Glow,None,Cream,Tuxedo,Dots,Tongue,Blush,None,Gift,79.59,16,Rare
43,Night,None,Cape,Pink,None,Wink,Open,Freckles,Crown,Lollipop,83.31,8,Rare
44,Sunset,Glow,Cape,Grey,None,Dots,Smile,None,None,Gift,56.03,58,Common
45,Sunset,None,None,Grey,Sweater,Dots,Tongue,Freckles,Beanie,Heart,57.59,55,Common
46,Sunset,None,Cape,Brown,None,Dots,Tongue,None,Flowers,Wand,57.77,54,Common
47,Mint,None,None,Grey,Scarf,Wink,Flat,None,None,None,55.66,60,Common
48,Lavender,None,None,Brown,None,Dots,Flat,Blush,Party,None,55.0,62,Common
49,Mint,None,None,Brown,Bowtie,Dots,Grin,Paint,None,Heart,46.87,85,Common
50,Candy,Rainbow,None,Brown,None,Star,Smile,Blush,None,Heart,77.6,21,Common
51,Night,None,Cape,Cream,Bowtie,Sleepy,Smile,Bandage,Beanie,None,70.17,33,Common
52,Peach,None,None,Cream,None,Happy,Smile,Freckles,None,Lollipop,44.43,94,Common
53,Candy,None,Wings,Grey,Bowtie,Dots,Open,None,Halo,Flower,72.58,25,Common
54,Sky,None,None,Brown,None,Sunglasses,Smile,Paint,None,None,49.51,77,Common
55,Mint,None,None,Gold,Bowtie,Sunglasses,Flat,Bandage,Wizard,Heart,94.86,2,Epic
56,Lavender,None,Cape,Cream,Scarf,Sleepy,Smile,None,Wizard,None,75.3,23,Common
57,Mint,None,None,Pink,Tuxedo,Dots,Flat,None,Beanie,Balloon,62.52,47,Common
58,Peach,None,None,Panda,Sweater,Dots,Grin,Paint,Cap,None,66.58,38,Common
59,Peach,None,None,Brown,None,Dots,Open,Bandage,Flowers,Balloon,48.29,80,Common
60,Mint,None,None,Cream,None,Dots,Grin,None,Beanie,Flower,45.97,88,Common
61,Candy,None,None,Brown,Hoodie,Happy,Grin,Freckles,Crown,None,58.9,52,Common
62,Peach,Sparkles,Wings,Cream,Overalls,Dots,Open,Bandage,Crown,Gift,82.14,10,Rare
63,Gold,None,None,Brown,Sweater,Sleepy,Grin,Freckles,Party,Lollipop,83.32,7,Rare
64,Mint,None,None,Pink,None,Heart,Flat,None,None,None,44.4,95,Common
65,Sunset,None,None,Brown,Sweater,Wink,Open,None,Party,None,58.54,53,Common
66,Sky,None,Wings,Grey,Bowtie,Happy,Smile,None,Halo,Flower,72.1,27,Common
67,Sky,None,None,Grey,Sweater,Dots,Flat,Bandage,None,None,48.25,81,Common
68,Sky,None,Cape,Brown,Bowtie,Sleepy,Open,None,Halo,None,70.96,32,Common
69,Candy,None,None,Pink,Hoodie,Star,Open,None,None,Balloon,66.88,37,Common
70,Sunset,Rainbow,None,Cream,None,Laser,Smile,None,None,Balloon,72.31,26,Common
71,Sunset,None,None,Cream,None,Dots,Smile,None,Wizard,None,44.67,93,Common
72,Night,None,None,Pink,Bowtie,Happy,Smile,Blush,Cap,Gift,63.4,44,Common
73,Peach,None,Wings,Brown,Sweater,Sunglasses,Tongue,None,None,None,55.1,61,Common
74,Sky,None,None,Pink,Tuxedo,Sleepy,Grin,None,None,Heart,66.9,36,Common
75,Night,Rainbow,None,Brown,Sweater,Happy,Grin,None,Flowers,Lollipop,78.26,18,Rare
76,Candy,Sparkles,None,Cream,Hoodie,Happy,Tongue,None,None,Lollipop,63.25,45,Common
77,Sky,None,None,Grey,Hoodie,Laser,Grin,Paint,None,None,65.21,41,Common
78,Peach,None,Cape,Cream,None,Happy,Flat,Blush,Flowers,Gift,52.67,67,Common
79,Sunset,None,Wings,Brown,Overalls,Happy,Tongue,None,None,None,52.37,69,Common
80,Peach,Glow,None,Cream,Hoodie,Laser,Open,None,Crown,Flower,81.43,12,Rare
81,Gold,None,None,Pink,Bowtie,Heart,Smile,None,None,None,50.84,74,Common
82,Gold,None,Wings,Cream,Bowtie,Happy,Smile,Freckles,Wizard,None,68.05,34,Common
83,Sunset,None,None,Cream,None,Dots,Smile,Blush,Party,None,47.63,82,Common
84,Mint,None,None,Brown,None,Sleepy,Open,None,None,Wand,51.45,73,Common
85,Sky,None,None,Cream,Bowtie,Laser,Open,None,Flowers,None,56.16,57,Common
86,Peach,Glow,None,Pink,Hoodie,Heart,Open,None,None,Heart,60.88,48,Common
87,Sunset,Glow,None,Grey,Hoodie,Wink,Smile,None,Beanie,Gift,71.3,30,Common
88,Peach,None,Cape,Gold,None,Dots,Grin,Paint,Beanie,None,64.2,42,Common
89,Night,None,Wings,Grey,Bowtie,Dots,Tongue,None,Cap,Gift,71.22,31,Common
90,Candy,None,None,Cream,Sweater,Happy,Smile,None,Flowers,Gift,46.77,86,Common
91,Peach,None,Cape,Brown,Bowtie,Dots,Flat,Blush,Party,None,54.79,64,Common
92,Mint,None,None,Grey,Sweater,Happy,Smile,Blush,Beanie,None,43.54,96,Common
93,Lavender,Sparkles,None,Brown,Sweater,Dots,Smile,None,None,Balloon,52.17,71,Common
94,Mint,None,None,Brown,Scarf,Sunglasses,Open,None,Beanie,Balloon,66.24,39,Common
95,Night,None,Cape,Gold,None,Happy,Tongue,None,Wizard,None,80.17,14,Rare
96,Candy,None,None,Panda,None,Dots,Open,None,None,None,47.49,83,Common
97,Candy,None,None,Panda,None,Laser,Flat,None,Flowers,None,71.81,29,Common
98,Gold,None,None,Pink,Sweater,Dots,Tongue,None,Crown,None,59.27,51,Common
99,Mint,Glow,None,Brown,Overalls,Dots,Smile,None,None,Balloon,52.95,65,Common
100,Sky,None,None,Brown,Overalls,Happy,Smile,Paint,None,None,45.47,90,Common
